# OF PARTS,NAME,,
,,,
PRINTED PARTS,,,
Core,,,
2,DoubleHelicalPinion,,
12,DoubleHelicalRack,,
1,CapstanDrum,,
1,EncoderDrum,,
1,CaseTOP,,
1,CaseBOTTOM,,
Gripper,,,
1,ServoMotorHousing,,
1,UpperShaftGear,,
1,LowerShaftCover,,
1,GripperHousingTOP,,
1,GripperHousingBOTTOM,,
1,ThreadedRodCarriage,,
2,ParallelGripperLink1,,
2,ParallelGripperLink2,,
2,ParallelGripperLink3,,
2,ParallelGripperFingerCenter,,
4,ParallelGripperFingerEnds,,
1,ServoGear,,
CUT PARTS,,,
Core,,,
1,PCBBackPlate,,
1,PCBFrontPlate,,
1,ZPerpTOP,,
1,ZperpBOTTOM,,
2,XPerp,,
1,ZStepperSupport,,
4,YWheelVert,,
4,YWheelVertLock,,
2,YPerpRollerGuideTOP,,
2,YPerpRollerGuideBOTTOM,,
For Gripper,,,
2,AcrylicFacePlate,,
,,,
TECH,,,
1,"1/4"" Acrylic 3x4 sheet",,
,PLA Filament 1kg roll,,
1,Manta M5P board,,
1,CB2,,
1,EBB42 Gen 2,,
3,2020 V-slot Extrusion 100cm x 2cm,,
2,2020 V-slot Extrusion 16cm x 2cm ,,
,7 Strand 550lb Type III Paracord,,
,3/16 Stainless Steel Wire Rope 7x19 strand,,https://www.homedepot.com/p/VEVOR-250-ft-x-3-16-in-Cable-Railing-Kit-3700-lbs-Load-T304-Stainless-Steel-Wire-Rope-Winch-with-7x19-Strand-for-Deck-Stair-GSS7X19-4-8MM76M1V0/319917067
8,V-slot roller,,
10,608 Bearing,,
3,Micro Limit Switch (normally open) (end stop),,
2,NEMA 17 Stepper Motor,,
1,NEMA 17 Stepper Motor with gear box (14:1),,
7,"1/4 ID, 1 1/4 OD cable roller",,
2,24v 40mm fan,,
8,2020 V-slot - 90 Brackets,,
Gripper,,,
1,NEMA 17x60 Stepper Motor,,
1,Servo motor 5v,,
1,Rotating Flange,,
1,Micro Limit Switch (normally open) (end stop),,
FASTENERS,,,
Core,Size,Name/Length (mm),
,,,
10,m5x35,bolt,
4,m5x45,bolt,
6,m5x20,bolt,
6,m5x50,bolt,
21,m5x8,bolt,
21,m5,T-nut,
16,m5,Nut,
4,m5,Nylock Nut,
6,m5,Heat Set Insert,
14,m5,Washer,
8,m3x18,bolt,
4,m3x15,bolt,
28,m3x12,bolt,
4,x10,bolt,
28,m3,Nuts,
44,m3,Washers,
4,m2x15,bolt,
4,m3,Plastic Stand-offs,
4,m3,Plasti Screws,
Gripper,,,
12,m4x60 ,shoulder bolt ,
4,m4x30,bolt,
16,m4,washers,
16,m4,nuts,
1,m5x110,bolt,
4,m2x8,flat head bolt,
4,m5x25,bolt,
4,m5x35,bolt,
8,m5,nut,
1,m5,Nylock nut,